Product Name,Product Price,Product Link
Kaiden Alpha - Tennis Ball Cricket,"2,250",https://www.amazon.in/sspa/click?ie=UTF8&spc=MTo1NjMzMDc2OTg2Njg4MjQ0OjE2ODE4ODExODE6c3BfYXRmOjIwMTQ3MzQwMjkxMzk4OjowOjo&url=%2FKaiden-Alpha-Tennis-Cricket-Balls%2Fdp%2FB0BS44GDY5%2Fref%3Dsr_1_1_sspa%3Fcrid%3D3S0V2J6W06ERB%26keywords%3Dbat%26qid%3D1681881181%26sprefix%3D%252Caps%252C457%26sr%3D8-1-spons%26sp_csd%3Dd2lkZ2V0TmFtZT1zcF9hdGY%26psc%3D1
PB08 WINNING EVERYDAY Plastic Cricket,429,https://www.amazon.in/sspa/click?ie=UTF8&spc=MTo1NjMzMDc2OTg2Njg4MjQ0OjE2ODE4ODExODE6c3BfYXRmOjIwMTQ3MjAzMzA5Mzk4OjowOjo&url=%2FPB08-Plastic-Cricket-Full-Size%2Fdp%2FB0BL72PGKM%2Fref%3Dsr_1_2_sspa%3Fcrid%3D3S0V2J6W06ERB%26keywords%3Dbat%26qid%3D1681881181%26sprefix%3D%252Caps%252C457%26sr%3D8-2-spons%26sp_csd%3Dd2lkZ2V0TmFtZT1zcF9hdGY%26psc%3D1
Kmc kidoz Junior Poplar Willow Cricket,499,https://www.amazon.in/sspa/click?ie=UTF8&spc=MTo1NjMzMDc2OTg2Njg4MjQ0OjE2ODE4ODExODE6c3BfYXRmOjIwMTQ2OTA5MjI2ODk4OjowOjo&url=%2Fkidoz-Junior-Poplar-Willow-Cricket%2Fdp%2FB08NJGNY9M%2Fref%3Dsr_1_3_sspa%3Fcrid%3D3S0V2J6W06ERB%26keywords%3Dbat%26qid%3D1681881181%26sprefix%3D%252Caps%252C457%26sr%3D8-3-spons%26sp_csd%3Dd2lkZ2V0TmFtZT1zcF9hdGY%26psc%3D1
FERVOR SPELÂ® English Willow Grade 1 Short Handle - Cricket,"7,200",https://www.amazon.in/sspa/click?ie=UTF8&spc=MTo1NjMzMDc2OTg2Njg4MjQ0OjE2ODE4ODExODE6c3BfYXRmOjIwMTM0ODkzMzc4Nzk4OjowOjo&url=%2FFERVOR-SPEL%25C2%25AE-English-Willow-Handle%2Fdp%2FB0822VMM6M%2Fref%3Dsr_1_4_sspa%3Fcrid%3D3S0V2J6W06ERB%26keywords%3Dbat%26qid%3D1681881181%26sprefix%3D%252Caps%252C457%26sr%3D8-4-spons%26sp_csd%3Dd2lkZ2V0TmFtZT1zcF9hdGY%26psc%3D1
Jaspo Slog Heavy Duty Plastic Cricket,439,https://www.amazon.in/Plastic-Cricket-inches-Premium-Groups/dp/B09WVXMG96/ref=sr_1_5?crid=3S0V2J6W06ERB&keywords=bat&qid=1681881181&sprefix=%2Caps%2C457&sr=8-5
Generic Super Power Cricket,589,https://www.amazon.in/Generic-Super-Cricket-Popular-Willow/dp/B0BZVJF9TF/ref=sr_1_6?crid=3S0V2J6W06ERB&keywords=bat&qid=1681881181&sprefix=%2Caps%2C457&sr=8-6
Wooden Cricket,339,https://www.amazon.in/Wooden-Cricket-Sharma-Lightweight-Durable/dp/B0BW4PB6JR/ref=sr_1_7?crid=3S0V2J6W06ERB&keywords=bat&qid=1681881181&sprefix=%2Caps%2C457&sr=8-7
Woke Stalwart Heavy Duty Plastic Cricket,499,https://www.amazon.in/Stalwart-Plastic-Cricket-inches-Premium/dp/B0BWY87HDX/ref=sr_1_8?crid=3S0V2J6W06ERB&keywords=bat&qid=1681881181&sprefix=%2Caps%2C457&sr=8-8
JRS S014 M Popular Willow Cricket,399,https://www.amazon.in/JRS-Popular-Willow-Cricket-Wooden/dp/B0BYS4PZB2/ref=sr_1_9?crid=3S0V2J6W06ERB&keywords=bat&qid=1681881181&sprefix=%2Caps%2C457&sr=8-9
DSC Intense Crush Kashmir Willow Cricket,"1,438",https://www.amazon.in/DSC-Intense-Kashmir-Willow-Cricket/dp/B01GS0C1AC/ref=sr_1_10?crid=3S0V2J6W06ERB&keywords=bat&qid=1681881181&sprefix=%2Caps%2C457&sr=8-10
Jaspo Dominator Senior Plastic Cricket Full Size,469,https://www.amazon.in/Jaspo-Dominator-Senior-Plastic-Cricket/dp/B08FJBSW5F/ref=sr_1_11?crid=3S0V2J6W06ERB&keywords=bat&qid=1681881181&sprefix=%2Caps%2C457&sr=8-11
Ske New Solid Popular Willow Cricket,466,https://www.amazon.in/SKE-Popular-Willow-Cricket-Tennis/dp/B08G1RFB1Q/ref=sr_1_12?crid=3S0V2J6W06ERB&keywords=bat&qid=1681881181&sprefix=%2Caps%2C457&sr=8-12
Lycan Monster Heavy Duty Plastic Cricket,399,https://www.amazon.in/Monster-Plastic-Cricket-inches-Premium/dp/B0BVMXWXD3/ref=sr_1_13?crid=3S0V2J6W06ERB&keywords=bat&qid=1681881181&sprefix=%2Caps%2C457&sr=8-13
PMG Virat Kohli Wooden Cricket,399,https://www.amazon.in/PMG-Virat-Wooden-Cricket-Size-6/dp/B0B2RPY7DQ/ref=sr_1_14?crid=3S0V2J6W06ERB&keywords=bat&qid=1681881181&sprefix=%2Caps%2C457&sr=8-14
XTROKE The Boss Edition Scoop Design Popular Willow Cricket Bat with Ball and Cover for Boys and Girls Advance Play (Full Size),499,https://www.amazon.in/XTROKE-Boss-Popular-Cricket-Advance/dp/B0BQ7FJ3TM/ref=sr_1_15?crid=3S0V2J6W06ERB&keywords=bat&qid=1681881181&sprefix=%2Caps%2C457&sr=8-15
Lycan Junior Cricket,185,https://www.amazon.in/Lycan-Junior-Size-Number-Year/dp/B09BVJXTMJ/ref=sr_1_16?crid=3S0V2J6W06ERB&keywords=bat&qid=1681881181&sprefix=%2Caps%2C457&sr=8-16
SG Scorer Classic Kashmir Willow Cricket,"1,920",https://www.amazon.in/SG-Scorer-Classic-No-6-Cricket/dp/B081VFK52B/ref=sr_1_17?crid=3S0V2J6W06ERB&keywords=bat&qid=1681881181&sprefix=%2Caps%2C457&sr=8-17
SG Sierra Plus Kashmir Willow Cricket,"1,825",https://www.amazon.in/SG-Sierra-Kashmir-Willow-Cricket/dp/B07RFSMTKC/ref=sr_1_18?crid=3S0V2J6W06ERB&keywords=bat&qid=1681881181&sprefix=%2Caps%2C457&sr=8-18
Xtroke Popular Willow Scoop Cricket,485,https://www.amazon.in/Xtroke-Popular-Willow-Cricket-Bat/dp/B0B31F3753/ref=sr_1_19?crid=3S0V2J6W06ERB&keywords=bat&qid=1681881181&sprefix=%2Caps%2C457&sr=8-19
GM Maxi Mini Cricket,267,https://www.amazon.in/GM-Maxi-Cricket-Meant-Playing/dp/B01EFETQYC/ref=sr_1_20?crid=3S0V2J6W06ERB&keywords=bat&qid=1681881181&sprefix=%2Caps%2C457&sr=8-20
SWHF Power Kashmir Willow Standard Training Cricket,799,https://www.amazon.in/sspa/click?ie=UTF8&spc=MTo1NjMzMDc2OTg2Njg4MjQ0OjE2ODE4ODExODE6c3BfbXRmOjIwMDkzNDkwODEyNjk4OjowOjo&url=%2FSWHF-Kashmir-Standard-Training-Cricket%2Fdp%2FB0865SFDLY%2Fref%3Dsr_1_21_sspa%3Fcrid%3D3S0V2J6W06ERB%26keywords%3Dbat%26qid%3D1681881181%26sprefix%3D%252Caps%252C457%26sr%3D8-21-spons%26sp_csd%3Dd2lkZ2V0TmFtZT1zcF9tdGY%26psc%3D1
Alphinity Hitter Heavy Duty Plastic Cricket,399,https://www.amazon.in/sspa/click?ie=UTF8&spc=MTo1NjMzMDc2OTg2Njg4MjQ0OjE2ODE4ODExODE6c3BfbXRmOjIwMDcwMTUxOTUzOTk4OjowOjo&url=%2FAlphinity-Hitter-Plastic-Cricket-Tennis%2Fdp%2FB0B9MWYGV6%2Fref%3Dsr_1_22_sspa%3Fcrid%3D3S0V2J6W06ERB%26keywords%3Dbat%26qid%3D1681881181%26sprefix%3D%252Caps%252C457%26sr%3D8-22-spons%26sp_csd%3Dd2lkZ2V0TmFtZT1zcF9tdGY%26psc%3D1
PROSPO Plastic,449,https://www.amazon.in/sspa/click?ie=UTF8&spc=MTo1NjMzMDc2OTg2Njg4MjQ0OjE2ODE4ODExODE6c3BfbXRmOjIwMDkzNTM1NTQxMjk4OjowOjo&url=%2FPROSPO-ULTRAPLAST-Cricket-Garden-Picnic%2Fdp%2FB07S84VCF9%2Fref%3Dsr_1_23_sspa%3Fcrid%3D3S0V2J6W06ERB%26keywords%3Dbat%26qid%3D1681881181%26sprefix%3D%252Caps%252C457%26sr%3D8-23-spons%26sp_csd%3Dd2lkZ2V0TmFtZT1zcF9tdGY%26psc%3D1
Alphinity Smasher Heavy Duty Plastic Cricket,399,https://www.amazon.in/sspa/click?ie=UTF8&spc=MTo1NjMzMDc2OTg2Njg4MjQ0OjE2ODE4ODExODE6c3BfbXRmOjIwMDcwMTUxOTUzODk4OjowOjo&url=%2FAlphinity-Smasher-Plastic-Cricket-Tennis%2Fdp%2FB0B9MYKFWL%2Fref%3Dsr_1_24_sspa%3Fcrid%3D3S0V2J6W06ERB%26keywords%3Dbat%26qid%3D1681881181%26sprefix%3D%252Caps%252C457%26sr%3D8-24-spons%26sp_csd%3Dd2lkZ2V0TmFtZT1zcF9tdGY%26psc%3D1
MS Wooden Cricket Taniss,980,https://www.amazon.in/Wooden-Cricket-Taniss-Kashmiri-Scoop/dp/B0BS4CVQ4K/ref=sr_1_25?crid=3S0V2J6W06ERB&keywords=bat&qid=1681881181&sprefix=%2Caps%2C457&sr=8-25
Generic 2023 Special Edition Popular Willow Cricket,619,https://www.amazon.in/Generic-Special-Popular-Willow-Cricket/dp/B0BZT4DX8F/ref=sr_1_26?crid=3S0V2J6W06ERB&keywords=bat&qid=1681881181&sprefix=%2Caps%2C457&sr=8-26
BRIOVY Plastic Genius Virat Kohli Popular Willow Cricket,400,https://www.amazon.in/Briovy-Genius-Popular-Willow-Cricket/dp/B07VHS6V6B/ref=sr_1_27?crid=3S0V2J6W06ERB&keywords=bat&qid=1681881181&sprefix=%2Caps%2C457&sr=8-27
SS ton reserve edition kw no 5 Grade 1 Kashmir Willow Cricket,"2,325",https://www.amazon.in/SS-Reserve-Kashmir-Willow-Cricket/dp/B01JGJH72Y/ref=sr_1_28?crid=3S0V2J6W06ERB&keywords=bat&qid=1681881181&sprefix=%2Caps%2C457&sr=8-28
Kansal Solid Popular Willow Cricket,495,https://www.amazon.in/Ksi-Popular-Willow-Cricket-Natural/dp/B08V9GXPCF/ref=sr_1_29?crid=3S0V2J6W06ERB&keywords=bat&qid=1681881181&sprefix=%2Caps%2C457&sr=8-29
Wooden Cricket,399,https://www.amazon.in/Wooden-Cricket-Tennis-Sharma-Poplar/dp/B0BDC2Z8QC/ref=sr_1_30?crid=3S0V2J6W06ERB&keywords=bat&qid=1681881181&sprefix=%2Caps%2C457&sr=8-30
NHD Verve Poplar Willow Cricket,949,https://www.amazon.in/NHD-Verve-Poplar-Willow-Cricket/dp/B07J2LDB4M/ref=sr_1_31?crid=3S0V2J6W06ERB&keywords=bat&qid=1681881181&sprefix=%2Caps%2C457&sr=8-31
XTROKE The Boss Edition Scoop Design Popular Willow Cricket Bat with,499,https://www.amazon.in/XTROKE-Boss-Popular-Cricket-Advance/dp/B0BQ7H5HQK/ref=sr_1_32?crid=3S0V2J6W06ERB&keywords=bat&qid=1681881181&sprefix=%2Caps%2C457&sr=8-32
JRS Cricket,349,https://www.amazon.in/JRS-Cricket-Tennis-Wooden-Sticker/dp/B0953ZCV4N/ref=sr_1_33?crid=3S0V2J6W06ERB&keywords=bat&qid=1681881181&sprefix=%2Caps%2C457&sr=8-33
TOSKA Cricket,N/A,https://www.amazon.in/TOSKA-Cricket-Popular-Willow-Tennis/dp/B08XBMNSXQ/ref=sr_1_34?crid=3S0V2J6W06ERB&keywords=bat&qid=1681881181&sprefix=%2Caps%2C457&sr=8-34
Vibgyor Vibes Popular Willow Wooden Full Size Scoop Tennis Ball Cricket,722,https://www.amazon.in/Vibgyor-Vibes-Popular-Willow-Cricket/dp/B08JZCYK99/ref=sr_1_35?crid=3S0V2J6W06ERB&keywords=bat&qid=1681881181&sprefix=%2Caps%2C457&sr=8-35
SG Player Edition Grade 1+ English Willow Cricket,"40,166",https://www.amazon.in/SG-Player-English-Cricket-Multicolour/dp/B0183FGRLE/ref=sr_1_36?crid=3S0V2J6W06ERB&keywords=bat&qid=1681881181&sprefix=%2Caps%2C457&sr=8-36
DSC SN 15 English Willow Cricket,"6,607",https://www.amazon.in/DSC-English-Willow-Cricket-Harrow/dp/B08Z839VQF/ref=sr_1_37?crid=3S0V2J6W06ERB&keywords=bat&qid=1681881181&sprefix=%2Caps%2C457&sr=8-37
SG Triple Crown Classic Triple English Willow Cricket,"13,794",https://www.amazon.in/SG-Triple-Crown-Classic-Cricket/dp/B084VFJDCC/ref=sr_1_38?crid=3S0V2J6W06ERB&keywords=bat&qid=1681881181&sprefix=%2Caps%2C457&sr=8-38
MRF King Virat Kohli Limited Edition English Willow Cricket,"9,240",https://www.amazon.in/MRF-Limited-English-Cricket-Multicolor/dp/B08VL58918/ref=sr_1_39?crid=3S0V2J6W06ERB&keywords=bat&qid=1681881181&sprefix=%2Caps%2C457&sr=8-39
GM Mythos Maxi English Willow Cricket,"3,863",https://www.amazon.in/GM-Mythos-Maxi-English-Cricket/dp/B08BGJHVV3/ref=sr_1_40?crid=3S0V2J6W06ERB&keywords=bat&qid=1681881181&sprefix=%2Caps%2C457&sr=8-40
Tucker Plastic,286,https://www.amazon.in/Tucker-Plastic-Hard-Cricket-Full/dp/B0B5PCG2QQ/ref=sr_1_41?crid=3S0V2J6W06ERB&keywords=bat&qid=1681881181&sprefix=%2Caps%2C457&sr=8-41
Kohinoor Hub Kashmir Willow Nike Cricket,799,https://www.amazon.in/Kohinoor-Hub-Kashmir-Willow-Cricket/dp/B0C1VQPQNH/ref=sr_1_42?crid=3S0V2J6W06ERB&keywords=bat&qid=1681881181&sprefix=%2Caps%2C457&sr=8-42
XTROKE The Boss Edition Popular Willow Cricket,495,https://www.amazon.in/XTROKE-Boss-Popular-Cricket-Advance/dp/B0BQ7CM68K/ref=sr_1_43?crid=3S0V2J6W06ERB&keywords=bat&qid=1681881181&sprefix=%2Caps%2C457&sr=8-43
TOSKA Multicolor Wooden Full Size Poplar Willow Cricket,649,https://www.amazon.in/TOSKA-Multicolor-Wooden-Poplar-Cricket/dp/B08V4NBTM5/ref=sr_1_44?crid=3S0V2J6W06ERB&keywords=bat&qid=1681881181&sprefix=%2Caps%2C457&sr=8-44
Tennis Ball Cricket Wood,599,https://www.amazon.in/Tennis-Cricket-Diamond-Black-Cover/dp/B0B6Q3TC12/ref=sr_1_45?crid=3S0V2J6W06ERB&keywords=bat&qid=1681881181&sprefix=%2Caps%2C457&sr=8-45
Athsire Gully Teenage Scoop Cricket,990,https://www.amazon.in/Athsire-Gully-Teenage-Cricket-Desire-X/dp/B0BVKR14LW/ref=sr_1_46?crid=3S0V2J6W06ERB&keywords=bat&qid=1681881181&sprefix=%2Caps%2C457&sr=8-46
DSC Lava Kashmir Willow Short Handle Cricket,"1,586",https://www.amazon.in/DSC-Kashmir-Willow-Handle-Cricket/dp/B0BBV3C3D2/ref=sr_1_47?crid=3S0V2J6W06ERB&keywords=bat&qid=1681881181&sprefix=%2Caps%2C457&sr=8-47
Klapp Test Popular Willow Handle Cricket,599,https://www.amazon.in/Klapp-Popular-Willow-Handle-Cricket/dp/B089CY7969/ref=sr_1_48?crid=3S0V2J6W06ERB&keywords=bat&qid=1681881181&sprefix=%2Caps%2C457&sr=8-48
TOSKA Full Size Spartan Cricket,649,https://www.amazon.in/TOSKA-Spartan-Cricket-Tennis-Leather/dp/B09XFJ2H2W/ref=sr_1_49?crid=3S0V2J6W06ERB&keywords=bat&qid=1681881181&sprefix=%2Caps%2C457&sr=8-49
Briovy Power Poplar Willow Cricket Wooden,599,https://www.amazon.in/Briovy-Poplar-Willow-Cricket-Playing/dp/B09VYBMYP6/ref=sr_1_50?crid=3S0V2J6W06ERB&keywords=bat&qid=1681881181&sprefix=%2Caps%2C457&sr=8-50
HM Wooden Cricket Taniss,599,https://www.amazon.in/Wooden-Cricket-Taniss-Full-Size/dp/B0BRWJR3RF/ref=sr_1_51?crid=3S0V2J6W06ERB&keywords=bat&qid=1681881181&sprefix=%2Caps%2C457&sr=8-51
TOSKA Full Size Spartan Cricket,649,https://www.amazon.in/TOSKA-Spartan-Cricket-Tennis-Leather/dp/B09XFFN526/ref=sr_1_52?crid=3S0V2J6W06ERB&keywords=bat&qid=1681881181&sprefix=%2Caps%2C457&sr=8-52
SS Magnum kw,"2,148",https://www.amazon.in/SS-KWJnr0036-Kashmir-Willow-Magnum-Cricket/dp/B0822YQLZ4/ref=sr_1_53?crid=3S0V2J6W06ERB&keywords=bat&qid=1681881181&sprefix=%2Caps%2C457&sr=8-53
"Impact Gallery, Popular Willow Cricket",420,https://www.amazon.in/Gallery-Popular-Cricket-Stricker-MultiBranded/dp/B08MXVK7TX/ref=sr_1_54?crid=3S0V2J6W06ERB&keywords=bat&qid=1681881181&sprefix=%2Caps%2C457&sr=8-54
GM Eclipse Signature L.E. English Willow Short Handle Cricket,"18,635",https://www.amazon.in/GM-Eclipse-Signature-English-Size-Mens/dp/B094CYMH3V/ref=sr_1_55?crid=3S0V2J6W06ERB&keywords=bat&qid=1681881181&sprefix=%2Caps%2C457&sr=8-55
TOSKA SPARTAN's MSD White Cricket,649,https://www.amazon.in/TOSKA-SPARTANs-Cricket-Popular-Leather/dp/B09K5T5N6D/ref=sr_1_56?crid=3S0V2J6W06ERB&keywords=bat&qid=1681881181&sprefix=%2Caps%2C457&sr=8-56
